CREATE TABLE HOSPITAL ( 
  CD_HOSPITAL INTEGER PRIMARY KEY, -- CÓDIGO DO HOSPITAL 
  NM_HOSPITAL TEXT NOT NULL,       -- NOME DO HOSPITAL 
  NR_LATITUDE NUMERIC NOT NULL,     -- LATITUDE HOSPITAL 
  NR_LONGITUDE NUMERIC NOT NULL     -- LONGITUDE HOSPITAL 
); 

CREATE TABLE LOGIN (
  CD_LOGIN SERIAL PRIMARY KEY,
  NM_LOGIN TEXT NOT NULL,
  DS_SENHA TEXT NOT NULL
);

ALTER TABLE hospital
ALTER COLUMN nr_latitude TYPE NUMERIC(10,6) USING nr_latitude::NUMERIC,
ALTER COLUMN nr_longitude TYPE NUMERIC(10,6) USING nr_longitude::NUMERIC;

CREATE TABLE MEDICO ( 
  CD_MEDICO INTEGER PRIMARY KEY,  -- CÓDIGO DO MÉDICO
  NM_MEDICO varchar NOT NULL      -- NOME DO MÉDICO
); 

CREATE TABLE CHAMADO ( 
  NR_CHAMADO INTEGER PRIMARY KEY,  -- NÚMERO DO CHAMADO 
  CD_HOSPITAL INTEGER NOT NULL,    -- CÓDIGO DO HOSPITAL 
  IE_TIPO_CHAMADO char,            -- TIPO DE ATENDIMENTO - 1 = PRONTO SOCORRO / 2 = INTERNADO 
  NM_PACIENTE varchar,             -- NOME DO PACIENTE 
  IE_SEXO varchar,                 -- SEXO BIOLÓGICO DO PACIENTE - M = MASCULINO / F = FEMININO / N = NÃO INFORMADO 
  IE_STATUS_CHAMADO varchar,       -- STATUS DO CHAMADO - A = ABERTO / E = ENCERRADO / C = CANCELADO
  CD_MEDICO INTEGER,                
  FOREIGN KEY(CD_HOSPITAL) REFERENCES HOSPITAL(CD_HOSPITAL),
  FOREIGN KEY(CD_MEDICO) REFERENCES MEDICO(CD_MEDICO)
  
); 

-- Inserts da tabela Hospital: 
INSERT INTO HOSPITAL (CD_HOSPITAL, NM_HOSPITAL, NR_LATITUDE, NR_LONGITUDE) VALUES (244, 'HOSPITAL 1', -22.903791, -47.068169);
INSERT INTO HOSPITAL (CD_HOSPITAL, NM_HOSPITAL, NR_LATITUDE, NR_LONGITUDE) VALUES (258, 'HOSPITAL 2', -22.894390, -47.069388);
INSERT INTO HOSPITAL (CD_HOSPITAL, NM_HOSPITAL, NR_LATITUDE, NR_LONGITUDE) VALUES (295, 'HOSPITAL 3', -22.917691, -47.059487);
INSERT INTO HOSPITAL (CD_HOSPITAL, NM_HOSPITAL, NR_LATITUDE, NR_LONGITUDE) VALUES (309, 'HOSPITAL 4', -22.908437, -47.054992);
INSERT INTO HOSPITAL (CD_HOSPITAL, NM_HOSPITAL, NR_LATITUDE, NR_LONGITUDE) VALUES (310, 'HOSPITAL 5', -22.840813, -47.051867);
INSERT INTO HOSPITAL (CD_HOSPITAL, NM_HOSPITAL, NR_LATITUDE, NR_LONGITUDE) VALUES (315, 'HOSPITAL 6', -22.900200, -47.054765);
INSERT INTO HOSPITAL (CD_HOSPITAL, NM_HOSPITAL, NR_LATITUDE, NR_LONGITUDE) VALUES (318, 'HOSPITAL 7', -22.904227, -47.062207);
INSERT INTO HOSPITAL (CD_HOSPITAL, NM_HOSPITAL, NR_LATITUDE, NR_LONGITUDE) VALUES (322, 'HOSPITAL 8', -22.808845, -47.065307);
INSERT INTO HOSPITAL (CD_HOSPITAL, NM_HOSPITAL, NR_LATITUDE, NR_LONGITUDE) VALUES (327, 'HOSPITAL 9', -22.892550, -47.064067);
INSERT INTO HOSPITAL (CD_HOSPITAL, NM_HOSPITAL, NR_LATITUDE, NR_LONGITUDE) VALUES (334, 'HOSPITAL 10', -22.901092, -47.055547);

-- inserts da tabela medico:
INSERT INTO MEDICO (CD_MEDICO, NM_MEDICO) VALUES (1, 'MEDICO 1');
INSERT INTO MEDICO (CD_MEDICO, NM_MEDICO) VALUES (2, 'MEDICO 2');
INSERT INTO MEDICO (CD_MEDICO, NM_MEDICO) VALUES (3, 'MEDICO 3');

-- inserts da tabela chamado:
-- Convertendo 'P' -> '1' e 'I' -> '2' conforme a definição da tabela
INSERT INTO CHAMADO (NR_CHAMADO, CD_HOSPITAL, IE_TIPO_CHAMADO, NM_PACIENTE, IE_SEXO, IE_STATUS_CHAMADO, CD_MEDICO) VALUES (141845427, 318, '1', 'PACIENTE 267', 'F', 'A', null);
INSERT INTO CHAMADO (NR_CHAMADO, CD_HOSPITAL, IE_TIPO_CHAMADO, NM_PACIENTE, IE_SEXO, IE_STATUS_CHAMADO, CD_MEDICO) VALUES (145363850, 322, '2', 'PACIENTE 340', 'M', 'A', null);
INSERT INTO CHAMADO (NR_CHAMADO, CD_HOSPITAL, IE_TIPO_CHAMADO, NM_PACIENTE, IE_SEXO, IE_STATUS_CHAMADO, CD_MEDICO) VALUES (143610890, 309, '2', 'PACIENTE 115', 'F', 'A', null);
INSERT INTO CHAMADO (NR_CHAMADO, CD_HOSPITAL, IE_TIPO_CHAMADO, NM_PACIENTE, IE_SEXO, IE_STATUS_CHAMADO, CD_MEDICO) VALUES (141249360, 309, '1', 'PACIENTE 173', 'F', 'A', null);
INSERT INTO CHAMADO (NR_CHAMADO, CD_HOSPITAL, IE_TIPO_CHAMADO, NM_PACIENTE, IE_SEXO, IE_STATUS_CHAMADO, CD_MEDICO) VALUES (145374588, 322, '2', 'PACIENTE 349', 'M', 'A', null);
INSERT INTO CHAMADO (NR_CHAMADO, CD_HOSPITAL, IE_TIPO_CHAMADO, NM_PACIENTE, IE_SEXO, IE_STATUS_CHAMADO, CD_MEDICO) VALUES (143904046, 322, '2', 'PACIENTE 415', 'F', 'A', null);
INSERT INTO CHAMADO (NR_CHAMADO, CD_HOSPITAL, IE_TIPO_CHAMADO, NM_PACIENTE, IE_SEXO, IE_STATUS_CHAMADO, CD_MEDICO) VALUES (141209722, 322, '2', 'PACIENTE 432', 'M', 'A', null);
INSERT INTO CHAMADO (NR_CHAMADO, CD_HOSPITAL, IE_TIPO_CHAMADO, NM_PACIENTE, IE_SEXO, IE_STATUS_CHAMADO, CD_MEDICO) VALUES (145691083, 310, '2', 'PACIENTE 203', 'M', 'A', null);
INSERT INTO CHAMADO (NR_CHAMADO, CD_HOSPITAL, IE_TIPO_CHAMADO, NM_PACIENTE, IE_SEXO, IE_STATUS_CHAMADO, CD_MEDICO) VALUES (142619243, 322, '2', 'PACIENTE 366', 'M', 'A', null);
INSERT INTO CHAMADO (NR_CHAMADO, CD_HOSPITAL, IE_TIPO_CHAMADO, NM_PACIENTE, IE_SEXO, IE_STATUS_CHAMADO, CD_MEDICO) VALUES (143917078, 309, '2', 'PACIENTE 120', 'F', 'A', null);
INSERT INTO CHAMADO (NR_CHAMADO, CD_HOSPITAL, IE_TIPO_CHAMADO, NM_PACIENTE, IE_SEXO, IE_STATUS_CHAMADO, CD_MEDICO) VALUES (142221569, 322, '1', 'PACIENTE 306', 'F', 'A', null);
INSERT INTO CHAMADO (NR_CHAMADO, CD_HOSPITAL, IE_TIPO_CHAMADO, NM_PACIENTE, IE_SEXO, IE_STATUS_CHAMADO, CD_MEDICO) VALUES (145460361, 318, '2', 'PACIENTE 252', 'F', 'A', null);
INSERT INTO CHAMADO (NR_CHAMADO, CD_HOSPITAL, IE_TIPO_CHAMADO, NM_PACIENTE, IE_SEXO, IE_STATUS_CHAMADO, CD_MEDICO) VALUES (145957971, 322, '1', 'PACIENTE 429', 'M', 'A', null);
INSERT INTO CHAMADO (NR_CHAMADO, CD_HOSPITAL, IE_TIPO_CHAMADO, NM_PACIENTE, IE_SEXO, IE_STATUS_CHAMADO, CD_MEDICO) VALUES (145348452, 327, '1', 'PACIENTE 473', 'M', 'A', null);
INSERT INTO CHAMADO (NR_CHAMADO, CD_HOSPITAL, IE_TIPO_CHAMADO, NM_PACIENTE, IE_SEXO, IE_STATUS_CHAMADO, CD_MEDICO) VALUES (147073714, 244, '2', 'PACIENTE 29', 'M', 'A', null);
INSERT INTO CHAMADO (NR_CHAMADO, CD_HOSPITAL, IE_TIPO_CHAMADO, NM_PACIENTE, IE_SEXO, IE_STATUS_CHAMADO, CD_MEDICO) VALUES (143446085, 318, '2', 'PACIENTE 259', 'F', 'A', null);
INSERT INTO CHAMADO (NR_CHAMADO, CD_HOSPITAL, IE_TIPO_CHAMADO, NM_PACIENTE, IE_SEXO, IE_STATUS_CHAMADO, CD_MEDICO) VALUES (146971489, 318, '1', 'PACIENTE 265', 'M', 'A', null);
INSERT INTO CHAMADO (NR_CHAMADO, CD_HOSPITAL, IE_TIPO_CHAMADO, NM_PACIENTE, IE_SEXO, IE_STATUS_CHAMADO, CD_MEDICO) VALUES (143903762, 322, '2', 'PACIENTE 278', 'F', 'A', null);
INSERT INTO CHAMADO (NR_CHAMADO, CD_HOSPITAL, IE_TIPO_CHAMADO, NM_PACiente, IE_SEXO, IE_STATUS_CHAMADO, CD_MEDICO) VALUES (142968162, 244, '2', 'PACIENTE 3', 'M', 'A', null);
INSERT INTO CHAMADO (NR_CHAMADO, CD_HOSPITAL, IE_TIPO_CHAMADO, NM_PACIENTE, IE_SEXO, IE_STATUS_CHAMADO, CD_MEDICO) VALUES (145348453, 327, '1', 'PACIENTE 474', 'M', 'A', null);
INSERT INTO CHAMADO (NR_CHAMADO, CD_HOSPITAL, IE_TIPO_CHAMADO, NM_PACIENTE, IE_SEXO, IE_STATUS_CHAMADO, CD_MEDICO) VALUES (147422698, 322, '2', 'PACIENTE 275', 'F', 'A', null);
INSERT INTO CHAMADO (NR_CHAMADO, CD_HOSPITAL, IE_TIPO_CHAMADO, NM_PACIENTE, IE_SEXO, IE_STATUS_CHAMADO, CD_MEDICO) VALUES (142964056, 334, '2', 'PACIENTE 501', 'M', 'A', null);
INSERT INTO CHAMADO (NR_CHAMADO, CD_HOSPITAL, IE_TIPO_CHAMADO, NM_PACIENTE, IE_SEXO, IE_STATUS_CHAMADO, CD_MEDICO) VALUES (142778269, 315, '2', 'PACIENTE 218', 'F', 'A', null);
INSERT INTO CHAMADO (NR_CHAMADO, CD_HOSPITAL, IE_TIPO_CHAMADO, NM_PACIENTE, IE_SEXO, IE_STATUS_CHAMADO, CD_MEDICO) VALUES (146730927, 309, '2', 'PACIENTE 139', 'M', 'A', null);
INSERT INTO CHAMADO (NR_CHAMADO, CD_HOSPITAL, IE_TIPO_CHAMADO, NM_PACIENTE, IE_SEXO, IE_STATUS_CHAMADO, CD_MEDICO) VALUES (146334797, 309, '2', 'PACIENTE 121', 'F', 'A', null);
INSERT INTO CHAMADO (NR_CHAMADO, CD_HOSPITAL, IE_TIPO_CHAMADO, NM_PACIENTE, IE_SEXO, IE_STATUS_CHAMADO, CD_MEDICO) VALUES (143746040, 295, '2', 'PACIENTE 97', 'F', 'A', null);
INSERT INTO CHAMADO (NR_CHAMADO, CD_HOSPITAL, IE_TIPO_CHAMADO, NM_PACIENTE, IE_SEXO, IE_STATUS_CHAMADO, CD_MEDICO) VALUES (143459013, 309, '1', 'PACIENTE 122', 'M', 'A', null);
INSERT INTO CHAMADO (NR_CHAMADO, CD_HOSPITAL, IE_TIPO_CHAMADO, NM_PACIENTE, IE_SEXO, IE_STATUS_CHAMADO, CD_MEDICO) VALUES (146684668, 258, '2', 'PACIENTE 62', 'M', 'A', null);
INSERT INTO CHAMADO (NR_CHAMADO, CD_HOSPITAL, IE_TIPO_CHAMADO, NM_PACIENTE, IE_SEXO, IE_STATUS_CHAMADO, CD_MEDICO) VALUES (142335847, 244, '2', 'PACIENTE 1', 'F', 'A', null);
INSERT INTO CHAMADO (NR_CHAMADO, CD_HOSPITAL, IE_TIPO_CHAMADO, NM_PACIENTE, IE_SEXO, IE_STATUS_CHAMADO, CD_MEDICO) VALUES (143300365, 295, '2', 'PACIENTE 92', 'F', 'A', null);
INSERT INTO CHAMADO (NR_CHAMADO, CD_HOSPITAL, IE_TIPO_CHAMADO, NM_PACIENTE, IE_SEXO, IE_STATUS_CHAMADO, CD_MEDICO) VALUES (142598763, 327, '2', 'PACIENTE 497', 'M', 'A', null);
INSERT INTO CHAMADO (NR_CHAMADO, CD_HOSPITAL, IE_TIPO_CHAMADO, NM_PACIENTE, IE_SEXO, IE_STATUS_CHAMADO, CD_MEDICO) VALUES (141201314, 309, '2', 'PACIENTE 170', 'F', 'A', null);
INSERT INTO CHAMADO (NR_CHAMADO, CD_HOSPITAL, IE_TIPO_CHAMADO, NM_PACIENTE, IE_SEXO, IE_STATUS_CHAMADO, CD_MEDICO) VALUES (144127609, 322, '2', 'PACIENTE 394', 'F', 'A', null);
INSERT INTO CHAMADO (NR_CHAMADO, CD_HOSPITAL, IE_TIPO_CHAMADO, NM_PACIENTE, IE_SEXO, IE_STATUS_CHAMADO, CD_MEDICO) VALUES (147074000, 315, '2', 'PACIENTE 222', 'M', 'A', null);
INSERT INTO CHAMADO (NR_CHAMADO, CD_HOSPITAL, IE_TIPO_CHAMADO, NM_PACIENTE, IE_SEXO, IE_STATUS_CHAMADO, CD_MEDICO) VALUES (143949068, 244, '2', 'PACIENTE 28', 'F', 'A', null);
INSERT INTO CHAMADO (NR_CHAMADO, CD_HOSPITAL, IE_TIPO_CHAMADO, NM_PACIENTE, IE_SEXO, IE_STATUS_CHAMADO, CD_MEDICO) VALUES (142702141, 309, '2', 'PACIENTE 178', 'M', 'A', null);
INSERT INTO CHAMADO (NR_CHAMADO, CD_HOSPITAL, IE_TIPO_CHAMADO, NM_PACIENTE, IE_SEXO, IE_STATUS_CHAMADO, CD_MEDICO) VALUES (145915317, 309, '2', 'PACIENTE 150', 'F', 'A', null);
INSERT INTO CHAMADO (NR_CHAMADO, CD_HOSPITAL, IE_TIPO_CHAMADO, NM_PACIENTE, IE_SEXO, IE_STATUS_CHAMADO, CD_MEDICO) VALUES (144220046, 244, '1', 'PACIENTE 33', 'M', 'A', null);
INSERT INTO CHAMADO (NR_CHAMADO, CD_HOSPITAL, IE_TIPO_CHAMADO, NM_PACIENTE, IE_SEXO, IE_STATUS_CHAMADO, CD_MEDICO) VALUES (142851839, 310, '1', 'PACIENTE 212', 'M', 'A', null);
INSERT INTO CHAMADO (NR_CHAMADO, CD_HOSPITAL, IE_TIPO_CHAMADO, NM_PACIENTE, IE_SEXO, IE_STATUS_CHAMADO, CD_MEDICO) VALUES (146807702, 327, '2', 'PACIENTE 500', 'M', 'A', null);
INSERT INTO CHAMADO (NR_CHAMADO, CD_HOSPITAL, IE_TIPO_CHAMADO, NM_PACIENTE, IE_SEXO, IE_STATUS_CHAMADO, CD_MEDICO) VALUES (146986360, 258, '2', 'PACIENTE 66', 'M', 'A', null);
INSERT INTO CHAMADO (NR_CHAMADO, CD_HOSPITAL, IE_TIPO_CHAMADO, NM_PACIENTE, IE_SEXO, IE_STATUS_CHAMADO, CD_MEDICO) VALUES (146707011, 322, '1', 'PACIENTE 388', 'F', 'A', null);
INSERT INTO CHAMADO (NR_CHAMADO, CD_HOSPITAL, IE_TIPO_CHAMADO, NM_PACIENTE, IE_SEXO, IE_STATUS_CHAMADO, CD_MEDICO) VALUES (146139354, 244, '1', 'PACIENTE 32', 'F', 'A', null);
INSERT INTO CHAMADO (NR_CHAMADO, CD_HOSPITAL, IE_TIPO_CHAMADO, NM_PACIENTE, IE_SEXO, IE_STATUS_CHAMADO, CD_MEDICO) VALUES (143744346, 295, '2', 'PACIENTE 102', 'F', 'A', null);
INSERT INTO CHAMADO (NR_CHAMADO, CD_HOSPITAL, IE_TIPO_CHAMADO, NM_PACIENTE, IE_SEXO, IE_STATUS_CHAMADO, CD_MEDICO) VALUES (145752380, 322, '2', 'PACIENTE 439', 'F', 'A', null);
INSERT INTO CHAMADO (NR_CHAMADO, CD_HOSPITAL, IE_TIPO_CHAMADO, NM_PACIENTE, IE_SEXO, IE_STATUS_CHAMADO, CD_MEDICO) VALUES (141163051, 327, '2', 'PACIENTE 492', 'M', 'A', null);
INSERT INTO CHAMADO (NR_CHAMADO, CD_HOSPITAL, IE_TIPO_CHAMADO, NM_PACIENTE, IE_SEXO, IE_STATUS_CHAMADO, CD_MEDICO) VALUES (142833750, 322, '2', 'PACIENTE 318', 'F', 'A', null);
INSERT INTO CHAMADO (NR_CHAMADO, CD_HOSPITAL, IE_TIPO_CHAMADO, NM_PACIENTE, IE_SEXO, IE_STATUS_CHAMADO, CD_MEDICO) VALUES (141766494, 315, '2', 'PACIENTE 224', 'F', 'A', null);
INSERT INTO CHAMADO (NR_CHAMADO, CD_HOSPITAL, IE_TIPO_CHAMADO, NM_PACIENTE, IE_SEXO, IE_STATUS_CHAMADO, CD_MEDICO) VALUES (147165686, 295, '2', 'PACIENTE 98', 'M', 'A', null);
INSERT INTO CHAMADO (NR_CHAMADO, CD_HOSPITAL, IE_TIPO_CHAMADO, NM_PACIENTE, IE_SEXO, IE_STATUS_CHAMADO, CD_MEDICO) VALUES (146945198, 309, '1', 'PACIENTE 119', 'F', 'A', null);
INSERT INTO CHAMADO (NR_CHAMADO, CD_HOSPITAL, IE_TIPO_CHAMADO, NM_PACIENTE, IE_SEXO, IE_STATUS_CHAMADO, CD_MEDICO) VALUES (143576339, 309, '2', 'PACIENTE 144', 'F', 'A', null);
INSERT INTO CHAMADO (NR_CHAMADO, CD_HOSPITAL, IE_TIPO_CHAMADO, NM_PACIENTE, IE_SEXO, IE_STATUS_CHAMADO, CD_MEDICO) VALUES (143928136, 322, '2', 'PACIENTE 344', 'F', 'A', null);
INSERT INTO CHAMADO (NR_CHAMADO, CD_HOSPITAL, IE_TIPO_CHAMADO, NM_PACIENTE, IE_SEXO, IE_STATUS_CHAMADO, CD_MEDICO) VALUES (146684379, 258, '2', 'PACIENTE 70', 'M', 'A', null);
INSERT INTO CHAMADO (NR_CHAMADO, CD_HOSPITAL, IE_TIPO_CHAMADO, NM_PACIENTE, IE_SEXO, IE_STATUS_CHAMADO, CD_MEDICO) VALUES (143282744, 309, '2', 'PACIENTE 200', 'F', 'A', null);
INSERT INTO CHAMADO (NR_CHAMADO, CD_HOSPITAL, IE_TIPO_CHAMADO, NM_PACIENTE, IE_SEXO, IE_STATUS_CHAMADO, CD_MEDICO) VALUES (142546253, 322, '2', 'PACIENTE 286', 'F', 'A', null);
INSERT INTO CHAMADO (NR_CHAMADO, CD_HOSPITAL, IE_TIPO_CHAMADO, NM_PACIENTE, IE_SEXO, IE_STATUS_CHAMADO, CD_MEDICO) VALUES (146736667, 322, '2', 'PACIENTE 319', 'M', 'A', null);
INSERT INTO CHAMADO (NR_CHAMADO, CD_HOSPITAL, IE_TIPO_CHAMADO, NM_PACIENTE, IE_SEXO, IE_STATUS_CHAMADO, CD_MEDICO) VALUES (144486210, 327, '1', 'PACIENTE 475', 'M', 'A', null);
INSERT INTO CHAMADO (NR_CHAMADO, CD_HOSPITAL, IE_TIPO_CHAMADO, NM_PACIENTE, IE_SEXO, IE_STATUS_CHAMADO, CD_MEDICO) VALUES (142470305, 295, '2', 'PACIENTE 86', 'F', 'A', null);
INSERT INTO CHAMADO (NR_CHAMADO, CD_HOSPITAL, IE_TIPO_CHAMADO, NM_PACIENTE, IE_SEXO, IE_STATUS_CHAMADO, CD_MEDICO) VALUES (146576878, 327, '2', 'PACIENTE 470', 'M', 'A', null);
INSERT INTO CHAMADO (NR_CHAMADO, CD_HOSPITAL, IE_TIPO_CHAMADO, NM_PACIENTE, IE_SEXO, IE_STATUS_CHAMADO, CD_MEDICO) VALUES (144988014, 322, '2', 'PACIENTE 282', 'F', 'A', null);
INSERT INTO CHAMADO (NR_CHAMADO, CD_HOSPITAL, IE_TIPO_CHAMADO, NM_PACIENTE, IE_SEXO, IE_STATUS_CHAMADO, CD_MEDICO) VALUES (143560494, 309, '1', 'PACIENTE 152', 'M', 'A', null);
INSERT INTO CHAMADO (NR_CHAMADO, CD_HOSPITAL, IE_TIPO_CHAMADO, NM_PACIENTE, IE_SEXO, IE_STATUS_CHAMADO, CD_MEDICO) VALUES (146101956, 327, '1', 'PACIENTE 495', 'M', 'A', null);
INSERT INTO CHAMADO (NR_CHAMADO, CD_HOSPITAL, IE_TIPO_CHAMADO, NM_PACIENTE, IE_SEXO, IE_STATUS_CHAMADO, CD_MEDICO) VALUES (145250035, 309, '1', 'PACIENTE 202', 'F', 'A', null);
INSERT INTO CHAMADO (NR_CHAMADO, CD_HOSPITAL, IE_TIPO_CHAMADO, NM_PACIENTE, IE_SEXO, IE_STATUS_CHAMADO, CD_MEDICO) VALUES (141257133, 322, '1', 'PACIENTE 431', 'M', 'A', null);
INSERT INTO CHAMADO (NR_CHAMADO, CD_HOSPITAL, IE_TIPO_CHAMADO, NM_PACIENTE, IE_SEXO, IE_STATUS_CHAMADO, CD_MEDICO) VALUES (142544618, 309, '2', 'PACIENTE 124', 'M', 'A', null);
INSERT INTO CHAMADO (NR_CHAMADO, CD_HOSPITAL, IE_TIPO_CHAMADO, NM_PACIENTE, IE_SEXO, IE_STATUS_CHAMADO, CD_MEDICO) VALUES (142389846, 322, '2', 'PACIENTE 323', 'F', 'A', null);
INSERT INTO CHAMADO (NR_CHAMADO, CD_HOSPITAL, IE_TIPO_CHAMADO, NM_PACIENTE, IE_SEXO, IE_STATUS_CHAMADO, CD_MEDICO) VALUES (144460216, 318, '1', 'PACIENTE 256', 'F', 'A', null);
INSERT INTO CHAMADO (NR_CHAMADO, CD_HOSPITAL, IE_TIPO_CHAMADO, NM_PACIENTE, IE_SEXO, IE_STATUS_CHAMADO, CD_MEDICO) VALUES (142944304, 322, '2', 'PACIENTE 292', 'F', 'A', null);
INSERT INTO CHAMADO (NR_CHAMADO, CD_HOSPITAL, IE_TIPO_CHAMADO, NM_PACIENTE, IE_SEXO, IE_STATUS_CHAMADO, CD_MEDICO) VALUES (143288824, 309, '2', 'PACIENTE 175', 'F', 'A', null);
INSERT INTO CHAMADO (NR_CHAMADO, CD_HOSPITAL, IE_TIPO_CHAMADO, NM_PACIENTE, IE_SEXO, IE_STATUS_CHAMADO, CD_MEDICO) VALUES (141746935, 315, '2', 'PACIENTE 227', 'F', 'A', null);
INSERT INTO CHAMADO (NR_CHAMADO, CD_HOSPITAL, IE_TIPO_CHAMADO, NM_PACIENTE, IE_SEXO, IE_STATUS_CHAMADO, CD_MEDICO) VALUES (143202023, 322, '1', 'PACIENTE 401', 'F', 'A', null);
INSERT INTO CHAMADO (NR_CHAMADO, CD_HOSPITAL, IE_TIPO_CHAMADO, NM_PACIENTE, IE_SEXO, IE_STATUS_CHAMADO, CD_MEDICO) VALUES (143569351, 244, '2', 'PACIENTE 52', 'F', 'A', null);
INSERT INTO CHAMADO (NR_CHAMADO, CD_HOSPITAL, IE_TIPO_CHAMADO, NM_PACIENTE, IE_SEXO, IE_STATUS_CHAMADO, CD_MEDICO) VALUES (145852847, 309, '2', 'PACIENTE 118', 'F', 'A', null);
INSERT INTO CHAMADO (NR_CHAMADO, CD_HOSPITAL, IE_TIPO_CHAMADO, NM_PACIENTE, IE_SEXO, IE_STATUS_CHAMADO, CD_MEDICO) VALUES (141193808, 244, '2', 'PACIENTE 46', 'F', 'A', null);
INSERT INTO CHAMADO (NR_CHAMADO, CD_HOSPITAL, IE_TIPO_CHAMADO, NM_PACIENTE, IE_SEXO, IE_STATUS_CHAMADO, CD_MEDICO) VALUES (143439739, 322, '2', 'PACIENTE 337', 'M', 'A', null);
INSERT INTO CHAMADO (NR_CHAMADO, CD_HOSPITAL, IE_TIPO_CHAMADO, NM_PACIENTE, IE_SEXO, IE_STATUS_CHAMADO, CD_MEDICO) VALUES (142977717, 322, '1', 'PACIENTE 365', 'M', 'A', null);
INSERT INTO CHAMADO (NR_CHAMADO, CD_HOSPITAL, IE_TIPO_CHAMADO, NM_PACIENTE, IE_SEXO, IE_STATUS_CHAMADO, CD_MEDICO) VALUES (146753358, 309, '2', 'PACIENTE 134', 'M', 'A', null);
INSERT INTO CHAMADO (NR_CHAMADO, CD_HOSPITAL, IE_TIPO_CHAMADO, NM_PACIENTE, IE_SEXO, IE_STATUS_CHAMADO, CD_MEDICO) VALUES (146540490, 322, '2', 'PACIENTE 295', 'F', 'A', null);
INSERT INTO CHAMADO (NR_CHAMADO, CD_HOSPITAL, IE_TIPO_CHAMADO, NM_PACIENTE, IE_SEXO, IE_STATUS_CHAMADO, CD_MEDICO) VALUES (144180647, 315, '1', 'PACIENTE 226', 'F', 'A', null);
INSERT INTO CHAMADO (NR_CHAMADO, CD_HOSPITAL, IE_TIPO_CHAMADO, NM_PACIENTE, IE_SEXO, IE_STATUS_CHAMADO, CD_MEDICO) VALUES (143139993, 322, '2', 'PACIENTE 291', 'M', 'A', null);
INSERT INTO CHAMADO (NR_CHAMADO, CD_HOSPITAL, IE_TIPO_CHAMADO, NM_PACIENTE, IE_SEXO, IE_STATUS_CHAMADO, CD_MEDICO) VALUES (142836084, 322, '2', 'PACIENTE 322', 'F', 'A', null);
INSERT INTO CHAMADO (NR_CHAMADO, CD_HOSPITAL, IE_TIPO_CHAMADO, NM_PACIENTE, IE_SEXO, IE_STATUS_CHAMADO, CD_MEDICO) VALUES (142265417, 322, '2', 'PACIENTE 382', 'M', 'A', null);
INSERT INTO CHAMADO (NR_CHAMADO, CD_HOSPITAL, IE_TIPO_CHAMADO, NM_PACIENTE, IE_SEXO, IE_STATUS_CHAMADO, CD_MEDICO) VALUES (142548346, 322, '2', 'PACIENTE 301', 'F', 'A', null);
INSERT INTO CHAMADO (NR_CHAMADO, CD_HOSPITAL, IE_TIPO_CHAMADO, NM_PACIENTE, IE_SEXO, IE_STATUS_CHAMADO, CD_MEDICO) VALUES (143991233, 309, '2', 'PACIENTE 153', 'M', 'A', null);
INSERT INTO CHAMADO (NR_CHAMADO, CD_HOSPITAL, IE_TIPO_CHAMADO, NM_PACIENTE, IE_SEXO, IE_STATUS_CHAMADO, CD_MEDICO) VALUES (144179962, 295, '2', 'PACIENTE 99', 'F', 'A', null);
INSERT INTO CHAMADO (NR_CHAMADO, CD_HOSPITAL, IE_TIPO_CHAMADO, NM_PACIENTE, IE_SEXO, IE_STATUS_CHAMADO, CD_MEDICO) VALUES (147222850, 318, '2', 'PACIENTE 269', 'M', 'A', null);
INSERT INTO CHAMADO (NR_CHAMADO, CD_HOSPITAL, IE_TIPO_CHAMADO, NM_PACIENTE, IE_SEXO, IE_STATUS_CHAMADO, CD_MEDICO) VALUES (144603347, 318, '2', 'PACIENTE 258', 'F', 'A', null);
INSERT INTO CHAMADO (NR_CHAMADO, CD_HOSPITAL, IE_TIPO_CHAMADO, NM_PACIENTE, IE_SEXO, IE_STATUS_CHAMADO, CD_MEDICO) VALUES (146841177, 322, '2', 'PACIENTE 271', 'M', 'A', null);
INSERT INTO CHAMADO (NR_CHAMADO, CD_HOSPITAL, IE_TIPO_CHAMADO, NM_PACIENTE, IE_SEXO, IE_STATUS_CHAMADO, CD_MEDICO) VALUES (142391798, 309, '1', 'PACIENTE 117', 'F', 'A', null);
INSERT INTO CHAMADO (NR_CHAMADO, CD_HOSPITAL, IE_TIPO_CHAMADO, NM_PACIENTE, IE_SEXO, IE_STATUS_CHAMADO, CD_MEDICO) VALUES (147366485, 327, '1', 'PACIENTE 477', 'F', 'A', null);
INSERT INTO CHAMADO (NR_CHAMADO, CD_HOSPITAL, IE_TIPO_CHAMADO, NM_PACIENTE, IE_SEXO, IE_STATUS_CHAMADO, CD_MEDICO) VALUES (143744202, 295, '2', 'PACIENTE 103', 'F', 'A', null);
INSERT INTO CHAMADO (NR_CHAMADO, CD_HOSPITAL, IE_TIPO_CHAMADO, NM_PACIENTE, IE_SEXO, IE_STATUS_CHAMADO, CD_MEDICO) VALUES (144950088, 327, '2', 'PACIENTE 479', 'M', 'A', null);
INSERT INTO CHAMADO (NR_CHAMADO, CD_HOSPITAL, IE_TIPO_CHAMADO, NM_PACIENTE, IE_SEXO, IE_STATUS_CHAMADO, CD_MEDICO) VALUES (145503142, 318, '1', 'PACIENTE 233', 'F', 'A', null);
INSERT INTO CHAMADO (NR_CHAMADO, CD_HOSPITAL, IE_TIPO_CHAMADO, NM_PACIENTE, IE_SEXO, IE_STATUS_CHAMADO, CD_MEDICO) VALUES (145503144, 318, '1', 'PACIENTE 235', 'F', 'A', null);
INSERT INTO CHAMADO (NR_CHAMADO, CD_HOSPITAL, IE_TIPO_CHAMADO, NM_PACIENTE, IE_SEXO, IE_STATUS_CHAMADO, CD_MEDICO) VALUES (141109862, 309, '2', 'PACIENTE 162', 'F', 'A', null);
INSERT INTO CHAMADO (NR_CHAMADO, CD_HOSPITAL, IE_TIPO_CHAMADO, NM_PACIENTE, IE_SEXO, IE_STATUS_CHAMADO, CD_MEDICO) VALUES (141327454, 322, '2', 'PACIENTE 369', 'F', 'A', null);
INSERT INTO CHAMADO (NR_CHAMADO, CD_HOSPITAL, IE_TIPO_CHAMADO, NM_PACIENTE, IE_SEXO, IE_STATUS_CHAMADO, CD_MEDICO) VALUES (145626559, 244, '1', 'PACIENTE 7', 'M', 'A', null);
INSERT INTO CHAMADO (NR_CHAMADO, CD_HOSPITAL, IE_TIPO_CHAMADO, NM_PACIENTE, IE_SEXO, IE_STATUS_CHAMADO, CD_MEDICO) VALUES (141289465, 295, '2', 'PACIENTE 106', 'M', 'A', null);
INSERT INTO CHAMADO (NR_CHAMADO, CD_HOSPITAL, IE_TIPO_CHAMADO, NM_PACIENTE, IE_SEXO, IE_STATUS_CHAMADO, CD_MEDICO) VALUES (145504830, 318, '1', 'PACIENTE 242', 'F', 'A', null);
INSERT INTO CHAMADO (NR_CHAMADO, CD_HOSPITAL, IE_TIPO_CHAMADO, NM_PACIENTE, IE_SEXO, IE_STATUS_CHAMADO, CD_MEDICO) VALUES (144274483, 322, '2', 'PACIENTE 433', 'F', 'A', null);